Workbook

Sheet NoUse
A1: Keywords | B1: Salience Network
A2: DC8_vs_DC2 | B2: 0.018
A3: OO8_vs_OO2 | B3: 0.021

Sheet Ascertain_NoUse
A1: Keywords | B1: Punishment | C1: Choice | D1: Switching | E1: Salience | F1: Memory | G1: Calculation | H1: Conflict | I1: Cognitive control | J1: Inhibition | K1: Attention | L1: Theory of mind | M1: Social | N1: Emotions | O1: Empathy | P1: Anxiety | Q1: Fear | R1: Default mode | S1: Imitation | T1: Reward | U1: Outcome | V1: Learning | W1: Prediction error | X1: Imagine
A2: Risky_vs_Risky2 | B2: 0.001 | C2: -0.004 | D2: -0.003 | E2: 0 | F2: -0.005 | G2: -0.072 | H2: 0.007 | I2: -0.004 | J2: 0.002 | K2: -0.087 | L2: -0.027 | M2: -0.033 | N2: -0.007 | O2: -0.017 | P2: 0.005 | Q2: -0.004 | R2: 0.02 | S2: -0.005 | T2: 0.023 | U2: 0.01 | V2: 0.005 | W2: 0.004 | X2: 0.008
A3: Risky_vs_Risky8 | B3: 0.038 | C3: -0.002 | D3: 0.003 | E3: 0 | F3: -0.015 | G3: -0.049 | H3: -0.019 | I3: -0.031 | J3: -0.018 | K3: -0.099 | L3: -0.013 | M3: -0.034 | N3: -0.004 | O3: -0.018 | P3: 0.008 | Q3: 0.006 | R3: 0.068 | S3: -0.024 | T3: 0.043 | U3: 0.025 | V3: 0.008 | W3: 0.031 | X3: 0.023

Sheet Ascertain_inverse
A1: Keywords | B1: Punishment | C1: Switching | D1: Theory of mind | E1: Salience | F1: Calculation | G1: Learning | H1: Choice | I1: Memory | J1: Conflict | K1: Cognitive control | L1: Inhibition | M1: Attention | N1: Imitation | O1: Social | P1: Emotions | Q1: Empathy | R1: Anxiety | S1: Fear | T1: Default mode | U1: Reward | V1: Outcome | W1: Prediction error | X1: Imagine
A2: Risky2_vs_Risky | B2: =-Ascertain_NoUse!B2 -> -0.001 | C2: =-Ascertain_NoUse!D2 -> 0.003 | D2: =-Ascertain_NoUse!L2 -> 0.027 | E2: =-Ascertain_NoUse!E2 -> 0 | F2: =-Ascertain_NoUse!G2 -> 0.072 | G2: =-Ascertain_NoUse!V2 -> -0.005 | H2: =-Ascertain_NoUse!C2 -> 0.004 | I2: =-Ascertain_NoUse!F2 -> 0.005 | J2: =-Ascertain_NoUse!H2 -> -0.007 | K2: =-Ascertain_NoUse!I2 -> 0.004 | L2: =-Ascertain_NoUse!J2 -> -0.002 | M2: =-Ascertain_NoUse!K2 -> 0.087 | N2: =-Ascertain_NoUse!S2 -> 0.005 | O2: =-Ascertain_NoUse!M2 -> 0.033 | P2: =-Ascertain_NoUse!N2 -> 0.007 | Q2: =-Ascertain_NoUse!O2 -> 0.017 | R2: =-Ascertain_NoUse!P2 -> -0.005 | S2: =-Ascertain_NoUse!Q2 -> 0.004 | T2: =-Ascertain_NoUse!R2 -> -0.02 | U2: =-Ascertain_NoUse!T2 -> -0.023 | V2: =-Ascertain_NoUse!U2 -> -0.01 | W2: =-Ascertain_NoUse!W2 -> -0.004 | X2: =-Ascertain_NoUse!X2 -> -0.008
A3: Risky8_vs_Risky | B3: =-Ascertain_NoUse!B3 -> -0.038 | C3: =-Ascertain_NoUse!D3 -> -0.003 | D3: =-Ascertain_NoUse!L3 -> 0.013 | E3: =-Ascertain_NoUse!E3 -> 0 | F3: =-Ascertain_NoUse!G3 -> 0.049 | G3: =-Ascertain_NoUse!V3 -> -0.008 | H3: =-Ascertain_NoUse!C3 -> 0.002 | I3: =-Ascertain_NoUse!F3 -> 0.015 | J3: =-Ascertain_NoUse!H3 -> 0.019 | K3: =-Ascertain_NoUse!I3 -> 0.031 | L3: =-Ascertain_NoUse!J3 -> 0.018 | M3: =-Ascertain_NoUse!K3 -> 0.099 | N3: =-Ascertain_NoUse!S3 -> 0.024 | O3: =-Ascertain_NoUse!M3 -> 0.034 | P3: =-Ascertain_NoUse!N3 -> 0.004 | Q3: =-Ascertain_NoUse!O3 -> 0.018 | R3: =-Ascertain_NoUse!P3 -> -0.008 | S3: =-Ascertain_NoUse!Q3 -> -0.006 | T3: =-Ascertain_NoUse!R3 -> -0.068 | U3: =-Ascertain_NoUse!T3 -> -0.043 | V3: =-Ascertain_NoUse!U3 -> -0.025 | W3: =-Ascertain_NoUse!W3 -> -0.031 | X3: =-Ascertain_NoUse!X3 -> -0.023

Sheet Cost
A1: Keywords | B1: Punishment | C1: Choice | D1: Switching | E1: Salience | F1: Memory | G1: Calculation | H1: Conflict | I1: Cognitive control | J1: Inhibition | K1: Attention | L1: Theory of mind | M1: Social | N1: Emotions | O1: Empathy | P1: Anxiety | Q1: Fear | R1: Default mode | S1: Imitation | T1: Reward | U1: Outcome | V1: Learning | W1: Prediction error | X1: Imagine
A2: Certain8_vs_Certain2 | B2: 0.02 | C2: 0.019 | D2: 0.008 | E2: 0 | F2: 0.018 | G2: 0.021 | H2: 0.003 | I2: -0.006 | J2: -0.01 | K2: -0.009 | L2: -0.027 | M2: -0.023 | N2: -0.002 | O2: -0.001 | P2: 0.022 | Q2: 0.012 | R2: 0.024 | S2: 0.031 | T2: 0.06 | U2: 0.038 | V2: 0.037 | W2: 0.031 | X2: 0.009
A3: Risky8_vs_Risky2 | B3: -0.025 | C3: -0.003 | D3: -0.003 | E3: 0 | F3: 0.027 | G3: 0.019 | H3: 0.019 | I3: 0.014 | J3: 0.005 | K3: 0.019 | L3: 0.042 | M3: 0.042 | N3: 0.019 | O3: -0.005 | P3: 0.005 | Q3: 0 | R3: -0.004 | S3: 0.001 | T3: 0.008 | U3: -0.011 | V3: -0.008 | W3: -0.021 | X3: -0.025

Sheet Sheet1
A1: 行标签 | B1: 求和项:Theory of mind
A2: Asymmetry_C8_vs_C2 | B2: -0.03
A3: Certain8_vs_Certain2 | B3: -0.027
A4: Symmetry_C8_vs_C2 | B4: -0.003
A5: 总计 | B5: -0.06

Sheet indivi_differ_Certain
A1: Keywords | B1: Punishment | C1: Choice | D1: Memory | E1: Fear | F1: Imitation | G1: Imagine | H1: Conflict | I1: Attention | J1: Cognitive control | K1: Inhibition | L1: Switching | M1: Calculation | N1: Theory of mind | O1: Default mode | P1: Social | Q1: Emotions | R1: Empathy | S1: Salience | T1: Anxiety | U1: Reward | V1: Outcome | W1: Learning | X1: Prediction error
A2: Asymmetry_C8_vs_C2 | B2: 0.021 | C2: 0.016 | D2: 0.021 | E2: 0.023 | F2: 0.015 | G2: 0.015 | H2: 0.035 | I2: -0.004 | J2: -0.003 | K2: -0.007 | L2: 0.002 | M2: 0.006 | N2: -0.03 | O2: 0.006 | P2: -0.012 | Q2: 0.006 | R2: 0.002 | S2: 0 | T2: 0.025 | U2: 0.059 | V2: 0.031 | W2: 0.034 | X2: 0.026
A3: Symmetry_C8_vs_C2 | B3: 0.008 | C3: 0.016 | D3: 0.013 | E3: 0.002 | F3: 0.004 | G3: -0.008 | H3: -0.034 | I3: -0.033 | J3: 0 | K3: -0.004 | L3: 0.006 | M3: 0.017 | N3: -0.003 | O3: 0.033 | P3: -0.01 | Q3: 0.001 | R3: 0.003 | S3: 0 | T3: 0.012 | U3: 0.034 | V3: 0.022 | W3: 0.015 | X3: 0.014
A4: Certain8_vs_Certain2 | B4: 0.02 | C4: 0.019 | D4: 0.018 | E4: 0.012 | F4: 0.031 | G4: 0.009 | H4: 0.003 | I4: -0.009 | J4: -0.006 | K4: -0.01 | L4: 0.008 | M4: 0.021 | N4: -0.027 | O4: 0.024 | P4: -0.023 | Q4: -0.002 | R4: -0.001 | S4: 0 | T4: 0.022 | U4: 0.06 | V4: 0.038 | W4: 0.037 | X4: 0.031
A5: Asymmetry_C8_vs_C2_inverse | B5: =-B2 -> -0.021 | C5: =-C2 -> -0.016 | D5: =-D2 -> -0.021 | E5: =-E2 -> -0.023 | F5: =-F2 -> -0.015 | G5: =-G2 -> -0.015 | H5: =-H2 -> -0.035 | I5: =-I2 -> 0.004 | ... X5: =-X2 -> -0.026
A6: Symmetry_C8_vs_C2_inverse | B6: =-B3 -> -0.008 | C6: =-C3 -> -0.016 | D6: =-D3 -> -0.013 | E6: =-E3 -> -0.002 | F6: =-F3 -> -0.004 | G6: =-G3 -> 0.008 | H6: =-H3 -> 0.034 | I6: =-I3 -> 0.033 | ... X6: =-X3 -> -0.014
A7: Certain8_vs_Certain2_inverse | B7: =-B4 -> -0.02 | C7: =-C4 -> -0.019 | D7: =-D4 -> -0.018 | E7: =-E4 -> -0.012 | F7: =-F4 -> -0.031 | G7: =-G4 -> -0.009 | H7: =-H4 -> -0.003 | I7: =-I4 -> 0.009 | ... X7: =-X4 -> -0.031

Sheet Sheet2
A1: 行标签 | B1: 求和项:Theory of mind
A2: Asymmetry_R8_vs_R2 | B2: 0.073
A3: Risky8_vs_Risky2 | B3: 0.042
A4: Symmetry_R8_vs_R2 | B4: 0.008
A5: 总计 | B5: 0.123

Sheet indivi_differ_Risky
A1: Keywords | B1: Punishment | C1: Choice | D1: Salience | E1: Conflict | F1: Cognitive control | G1: Switching | H1: Inhibition | I1: Theory of mind | J1: Social | K1: Default mode | L1: Memory | M1: Emotions | N1: Empathy | O1: Anxiety | P1: Fear | Q1: Imitation | R1: Reward | S1: Attention | T1: Learning | U1: Outcome | V1: Prediction error | W1: Imagine | X1: Calculation
A2: Asymmetry_R8_vs_R2 | B2: -0.016 | C2: 0.001 | D2: 0 | E2: 0.014 | F2: 0.016 | G2: 0.008 | H2: 0.018 | I2: 0.073 | J2: 0.068 | K2: 0.036 | L2: 0.039 | M2: 0.012 | N2: -0.01 | O2: -0.011 | P2: -0.005 | Q2: -0.032 | R2: -0.012 | S2: -0.004 | T2: -0.015 | U2: -0.014 | V2: -0.016 | W2: -0.025 | X2: 0.021
A3: Symmetry_R8_vs_R2 | B3: -0.013 | C3: 0.002 | D3: 0 | E3: 0.016 | F3: 0.02 | G3: -0.007 | H3: 0.002 | I3: 0.008 | J3: 0.004 | K3: -0.041 | L3: 0.034 | M3: 0.018 | N3: 0.007 | O3: 0.022 | P3: 0.013 | Q3: 0.018 | R3: 0.033 | S3: 0.028 | T3: 0.012 | U3: 0.002 | V3: -0.008 | W3: -0.016 | X3: 0.029
A4: Risky8_vs_Risky2 | B4: -0.025 | C4: -0.003 | D4: 0 | E4: 0.019 | F4: 0.014 | G4: -0.003 | H4: 0.005 | I4: 0.042 | J4: 0.042 | K4: -0.004 | L4: 0.027 | M4: 0.019 | N4: -0.005 | O4: 0.005 | P4: 0 | Q4: 0.001 | R4: 0.008 | S4: 0.019 | T4: -0.008 | U4: -0.011 | V4: -0.021 | W4: -0.025 | X4: 0.019
